{
  "accuracy": 0.9917081260364843,
  "classification_report": {
    "Alimentação": {
      "precision": 0.9787828029034059,
      "recall": 0.9738888888888889,
      "f1-score": 0.9763297131718184,
      "support": 1800.0
    },
    "Atividade": {
      "precision": 0.9940443963183541,
      "recall": 0.9714285714285714,
      "f1-score": 0.9826063687449826,
      "support": 1890.0
    },
    "Descanso": {
      "precision": 1.0,
      "recall": 1.0,
      "f1-score": 1.0,
      "support": 7416.0
    },
    "Dormir": {
      "precision": 1.0,
      "recall": 1.0,
      "f1-score": 1.0,
      "support": 6150.0
    },
    "Higiene": {
      "precision": 0.8860045146726863,
      "recall": 0.9412470023980816,
      "f1-score": 0.9127906976744186,
      "support": 834.0
    },
    "accuracy": 0.9917081260364843,
    "macro avg": {
      "precision": 0.9717663427788892,
      "recall": 0.9773128925431085,
      "f1-score": 0.974345355918244,
      "support": 18090.0
    },
    "weighted avg": {
      "precision": 0.9920110956055744,
      "recall": 0.9917081260364843,
      "f1-score": 0.991806907821877,
      "support": 18090.0
    }
  },
  "confusion_matrix": [
    [
      1753,
      0,
      0,
      0,
      47
    ],
    [
      0,
      1836,
      0,
      0,
      54
    ],
    [
      0,
      0,
      7416,
      0,
      0
    ],
    [
      0,
      0,
      0,
      6150,
      0
    ],
    [
      38,
      11,
      0,
      0,
      785
    ]
  ],
  "class_order": [
    "Alimentação",
    "Atividade",
    "Descanso",
    "Dormir",
    "Higiene"
  ],
  "n_train_windows": 54312,
  "n_test_windows": 18090,
  "test_subject_ids": [
    0,
    6
  ],
  "train_subject_ids": [
    1,
    2,
    3,
    4,
    5,
    7
  ],
  "n_estimators": 80,
  "max_depth": 5
}